Species,TreeNo,PlntClass,CrwnClass,Status,DBH,Height,LAng,FAng,SDia,CRad1,CRat1,CRad2,CRat2,CRad3,CRat3,CRad,CRat4,ExpFactor,MarkCode,X,Y,Z
PITA,1,0,1,1,12.00,60.00,0.0,0,0.00,7.50,0.45,7.50,0.45,7.50,0.45,7.50,0.45,1.00,0,190.67,42.36,0.00
PITA,1,0,1,1,12.00,60.00,0.0,0,0.00,7.50,0.45,7.50,0.45,7.50,0.45,7.50,0.45,1.00,0,206.60,18.56,0.00
PITA,1,0,1,1,12.00,60.00,0.0,0,0.00,7.50,0.45,7.50,0.45,7.50,0.45,7.50,0.45,1.00,0,22.53,.22,0.00
PITA,1,0,1,1,12.00,60.00,0.0,0,0.00,7.50,0.45,7.50,0.45,7.50,0.45,7.50,0.45,1.00,0,137.71,24.78,0.00
PITA,1,0,1,1,12.00,60.00,0.0,0,0.00,7.50,0.45,7.50,0.45,7.50,0.45,7.50,0.45,1.00,0,28.52,170.53,0.00
PITA,1,0,1,1,12.00,60.00,0.0,0,0.00,7.50,0.45,7.50,0.45,7.50,0.45,7.50,0.45,1.00,0,162.97,70.49,0.00
PITA,1,0,1,1,12.00,60.00,0.0,0,0.00,7.50,0.45,7.50,0.45,7.50,0.45,7.50,0.45,1.00,0,208.47,199.84,0.00
PITA,1,0,1,1,12.00,60.00,0.0,0,0.00,7.50,0.45,7.50,0.45,7.50,0.45,7.50,0.45,1.00,0,97.62,41.52,0.00
PITA,1,0,1,1,12.00,60.00,0.0,0,0.00,7.50,0.45,7.50,0.45,7.50,0.45,7.50,0.45,1.00,0,184.00,30.61,0.00
PITA,1,0,1,1,12.00,60.00,0.0,0,0.00,7.50,0.45,7.50,0.45,7.50,0.45,7.50,0.45,1.00,0,127.37,180.28,0.00
PITA,1,0,1,1,12.00,60.00,0.0,0,0.00,7.50,0.45,7.50,0.45,7.50,0.45,7.50,0.45,1.00,0,184.75,88.01,0.00
PITA,1,0,1,1,12.00,60.00,0.0,0,0.00,7.50,0.45,7.50,0.45,7.50,0.45,7.50,0.45,1.00,0,38.36,40.41,0.00
PITA,1,0,1,1,12.00,60.00,0.0,0,0.00,7.50,0.45,7.50,0.45,7.50,0.45,7.50,0.45,1.00,0,199.72,51.14,0.00
PITA,1,0,1,1,12.00,60.00,0.0,0,0.00,7.50,0.45,7.50,0.45,7.50,0.45,7.50,0.45,1.00,0,177.29,10.54,0.00
PITA,1,0,1,1,12.00,60.00,0.0,0,0.00,7.50,0.45,7.50,0.45,7.50,0.45,7.50,0.45,1.00,0,19.88,193.21,0.00
PITA,2,0,1,1,13.00,65.00,0.0,0,0.00,8.13,0.45,8.13,0.45,8.13,0.45,8.13,0.45,1.00,0,157.05,164.09,0.00
PITA,2,0,1,1,13.00,65.00,0.0,0,0.00,8.13,0.45,8.13,0.45,8.13,0.45,8.13,0.45,1.00,0,172.03,47.90,0.00
PITA,2,0,1,1,13.00,65.00,0.0,0,0.00,8.13,0.45,8.13,0.45,8.13,0.45,8.13,0.45,1.00,0,131.40,.46,0.00
PITA,2,0,1,1,13.00,65.00,0.0,0,0.00,8.13,0.45,8.13,0.45,8.13,0.45,8.13,0.45,1.00,0,178.85,64.16,0.00
PITA,2,0,1,1,13.00,65.00,0.0,0,0.00,8.13,0.45,8.13,0.45,8.13,0.45,8.13,0.45,1.00,0,24.94,125.95,0.00
PITA,2,0,1,1,13.00,65.00,0.0,0,0.00,8.13,0.45,8.13,0.45,8.13,0.45,8.13,0.45,1.00,0,17.06,167.64,0.00
PITA,2,0,1,1,13.00,65.00,0.0,0,0.00,8.13,0.45,8.13,0.45,8.13,0.45,8.13,0.45,1.00,0,73.76,2.68,0.00
PITA,2,0,1,1,13.00,65.00,0.0,0,0.00,8.13,0.45,8.13,0.45,8.13,0.45,8.13,0.45,1.00,0,160.00,52.40,0.00
PITA,2,0,1,1,13.00,65.00,0.0,0,0.00,8.13,0.45,8.13,0.45,8.13,0.45,8.13,0.45,1.00,0,160.27,153.81,0.00
PITA,2,0,1,1,13.00,65.00,0.0,0,0.00,8.13,0.45,8.13,0.45,8.13,0.45,8.13,0.45,1.00,0,204.71,154.04,0.00
PITA,2,0,1,1,13.00,65.00,0.0,0,0.00,8.13,0.45,8.13,0.45,8.13,0.45,8.13,0.45,1.00,0,39.29,17.30,0.00
PITA,2,0,1,1,13.00,65.00,0.0,0,0.00,8.13,0.45,8.13,0.45,8.13,0.45,8.13,0.45,1.00,0,67.89,158.84,0.00
PITA,2,0,1,1,13.00,65.00,0.0,0,0.00,8.13,0.45,8.13,0.45,8.13,0.45,8.13,0.45,1.00,0,36.00,46.27,0.00
PITA,2,0,1,1,13.00,65.00,0.0,0,0.00,8.13,0.45,8.13,0.45,8.13,0.45,8.13,0.45,1.00,0,185.83,81.76,0.00
PITA,2,0,1,1,13.00,65.00,0.0,0,0.00,8.13,0.45,8.13,0.45,8.13,0.45,8.13,0.45,1.00,0,118.61,87.03,0.00
PITA,3,0,1,1,14.00,70.00,0.0,0,0.00,8.75,0.45,8.75,0.45,8.75,0.45,8.75,0.45,1.00,0,88.99,138.66,0.00
PITA,3,0,1,1,14.00,70.00,0.0,0,0.00,8.75,0.45,8.75,0.45,8.75,0.45,8.75,0.45,1.00,0,72.06,116.36,0.00
PITA,3,0,1,1,14.00,70.00,0.0,0,0.00,8.75,0.45,8.75,0.45,8.75,0.45,8.75,0.45,1.00,0,174.74,41.83,0.00
PITA,3,0,1,1,14.00,70.00,0.0,0,0.00,8.75,0.45,8.75,0.45,8.75,0.45,8.75,0.45,1.00,0,143.49,192.31,0.00
PITA,3,0,1,1,14.00,70.00,0.0,0,0.00,8.75,0.45,8.75,0.45,8.75,0.45,8.75,0.45,1.00,0,177.11,25.55,0.00
PITA,3,0,1,1,14.00,70.00,0.0,0,0.00,8.75,0.45,8.75,0.45,8.75,0.45,8.75,0.45,1.00,0,62.54,38.14,0.00
PITA,3,0,1,1,14.00,70.00,0.0,0,0.00,8.75,0.45,8.75,0.45,8.75,0.45,8.75,0.45,1.00,0,205.53,36.80,0.00
PITA,3,0,1,1,14.00,70.00,0.0,0,0.00,8.75,0.45,8.75,0.45,8.75,0.45,8.75,0.45,1.00,0,1.39,146.47,0.00
PITA,3,0,1,1,14.00,70.00,0.0,0,0.00,8.75,0.45,8.75,0.45,8.75,0.45,8.75,0.45,1.00,0,158.28,26.85,0.00
PITA,3,0,1,1,14.00,70.00,0.0,0,0.00,8.75,0.45,8.75,0.45,8.75,0.45,8.75,0.45,1.00,0,119.34,.12,0.00
PITA,,3,0,1,1,14.00,70.00,0.0,0,0.00,8.75,0.45,8.75,0.45,8.75,0.45,8.75,0.45,1.00,0,27.22,85.63,0.00
PITA,,3,0,1,1,14.00,70.00,0.0,0,0.00,8.75,0.45,8.75,0.45,8.75,0.45,8.75,0.45,1.00,0,159.75,120.00,0.00
PITA,,3,0,1,1,14.00,70.00,0.0,0,0.00,8.75,0.45,8.75,0.45,8.75,0.45,8.75,0.45,1.00,0,45.29,209.03,0.00
PITA,,3,0,1,1,14.00,70.00,0.0,0,0.00,8.75,0.45,8.75,0.45,8.75,0.45,8.75,0.45,1.00,0,147.96,181.00,0.00
PITA,,3,0,1,1,14.00,70.00,0.0,0,0.00,8.75,0.45,8.75,0.45,8.75,0.45,8.75,0.45,1.00,0,47.47,118.78,0.00
PITA,,4,0,1,1,15.00,75.00,0.0,0,0.00,9.38,0.45,9.38,0.45,9.38,0.45,9.38,0.45,1.00,0,93.17,116.27,0.00
PITA,,4,0,1,1,15.00,75.00,0.0,0,0.00,9.38,0.45,9.38,0.45,9.38,0.45,9.38,0.45,1.00,0,142.58,183.08,0.00
PITA,,4,0,1,1,15.00,75.00,0.0,0,0.00,9.38,0.45,9.38,0.45,9.38,0.45,9.38,0.45,1.00,0,162.02,15.63,0.00
PITA,,4,0,1,1,15.00,75.00,0.0,0,0.00,9.38,0.45,9.38,0.45,9.38,0.45,9.38,0.45,1.00,0,179.14,83.10,0.00
PITA,,4,0,1,1,15.00,75.00,0.0,0,0.00,9.38,0.45,9.38,0.45,9.38,0.45,9.38,0.45,1.00,0,65.94,76.42,0.00
PITA,,4,0,1,1,15.00,75.00,0.0,0,0.00,9.38,0.45,9.38,0.45,9.38,0.45,9.38,0.45,1.00,0,102.51,48.22,0.00
PITA,,4,0,1,1,15.00,75.00,0.0,0,0.00,9.38,0.45,9.38,0.45,9.38,0.45,9.38,0.45,1.00,0,178.42,187.33,0.00
PITA,,4,0,1,1,15.00,75.00,0.0,0,0.00,9.38,0.45,9.38,0.45,9.38,0.45,9.38,0.45,1.00,0,154.85,46.71,0.00
PITA,,4,0,1,1,15.00,75.00,0.0,0,0.00,9.38,0.45,9.38,0.45,9.38,0.45,9.38,0.45,1.00,0,188.34,193.86,0.00
PITA,,4,0,1,1,15.00,75.00,0.0,0,0.00,9.38,0.45,9.38,0.45,9.38,0.45,9.38,0.45,1.00,0,78.78,77.34,0.00
PITA,,4,0,1,1,15.00,75.00,0.0,0,0.00,9.38,0.45,9.38,0.45,9.38,0.45,9.38,0.45,1.00,0,112.46,6.43,0.00
PITA,,4,0,1,1,15.00,75.00,0.0,0,0.00,9.38,0.45,9.38,0.45,9.38,0.45,9.38,0.45,1.00,0,51.31,94.06,0.00
PITA,,4,0,1,1,15.00,75.00,0.0,0,0.00,9.38,0.45,9.38,0.45,9.38,0.45,9.38,0.45,1.00,0,102.08,180.35,0.00
PITA,,4,0,1,1,15.00,75.00,0.0,0,0.00,9.38,0.45,9.38,0.45,9.38,0.45,9.38,0.45,1.00,0,202.14,192.72,0.00
PITA,,4,0,1,1,15.00,75.00,0.0,0,0.00,9.38,0.45,9.38,0.45,9.38,0.45,9.38,0.45,1.00,0,92.46,31.73,0.00
PITA,,5,0,1,1,16.00,80.00,0.0,0,0.00,10.00,0.45,10.00,0.45,10.00,0.45,10.00,0.45,1.00,0,184.41,11.46,0.00
PITA,,5,0,1,1,16.00,80.00,0.0,0,0.00,10.00,0.45,10.00,0.45,10.00,0.45,10.00,0.45,1.00,0,133.72,209.66,0.00
PITA,,5,0,1,1,16.00,80.00,0.0,0,0.00,10.00,0.45,10.00,0.45,10.00,0.45,10.00,0.45,1.00,0,56.15,70.89,0.00
PITA,,5,0,1,1,16.00,80.00,0.0,0,0.00,10.00,0.45,10.00,0.45,10.00,0.45,10.00,0.45,1.00,0,145.13,78.18,0.00
PITA,,5,0,1,1,16.00,80.00,0.0,0,0.00,10.00,0.45,10.00,0.45,10.00,0.45,10.00,0.45,1.00,0,165.56,21.01,0.00
PITA,,5,0,1,1,16.00,80.00,0.0,0,0.00,10.00,0.45,10.00,0.45,10.00,0.45,10.00,0.45,1.00,0,141.21,183.59,0.00
PITA,,5,0,1,1,16.00,80.00,0.0,0,0.00,10.00,0.45,10.00,0.45,10.00,0.45,10.00,0.45,1.00,0,40.26,86.31,0.00
PITA,,5,0,1,1,16.00,80.00,0.0,0,0.00,10.00,0.45,10.00,0.45,10.00,0.45,10.00,0.45,1.00,0,90.78,160.65,0.00
PITA,,5,0,1,1,16.00,80.00,0.0,0,0.00,10.00,0.45,10.00,0.45,10.00,0.45,10.00,0.45,1.00,0,55.07,46.63,0.00
PITA,,5,0,1,1,16.00,80.00,0.0,0,0.00,10.00,0.45,10.00,0.45,10.00,0.45,10.00,0.45,1.00,0,38.25,46.54,0.00
PITA,,5,0,1,1,16.00,80.00,0.0,0,0.00,10.00,0.45,10.00,0.45,10.00,0.45,10.00,0.45,1.00,0,6.71,157.99,0.00
PITA,,5,0,1,1,16.00,80.00,0.0,0,0.00,10.00,0.45,10.00,0.45,10.00,0.45,10.00,0.45,1.00,0,67.54,179.29,0.00
PITA,,5,0,1,1,16.00,80.00,0.0,0,0.00,10.00,0.45,10.00,0.45,10.00,0.45,10.00,0.45,1.00,0,47.59,28.62,0.00
PITA,,5,0,1,1,16.00,80.00,0.0,0,0.00,10.00,0.45,10.00,0.45,10.00,0.45,10.00,0.45,1.00,0,108.78,100.06,0.00
PITA,,5,0,1,1,16.00,80.00,0.0,0,0.00,10.00,0.45,10.00,0.45,10.00,0.45,10.00,0.45,1.00,0,204.22,64.03,0.00
PITA,,6,0,1,1,17.00,85.00,0.0,0,0.00,10.63,0.45,10.63,0.45,10.63,0.45,10.63,0.45,1.00,0,7.10,24.43,0.00
PITA,,6,0,1,1,17.00,85.00,0.0,0,0.00,10.63,0.45,10.63,0.45,10.63,0.45,10.63,0.45,1.00,0,157.57,28.51,0.00
PITA,,6,0,1,1,17.00,85.00,0.0,0,0.00,10.63,0.45,10.63,0.45,10.63,0.45,10.63,0.45,1.00,0,63.32,59.19,0.00
PITA,,6,0,1,1,17.00,85.00,0.0,0,0.00,10.63,0.45,10.63,0.45,10.63,0.45,10.63,0.45,1.00,0,124.59,175.62,0.00
PITA,,6,0,1,1,17.00,85.00,0.0,0,0.00,10.63,0.45,10.63,0.45,10.63,0.45,10.63,0.45,1.00,0,159.01,100.85,0.00
PITA,,6,0,1,1,17.00,85.00,0.0,0,0.00,10.63,0.45,10.63,0.45,10.63,0.45,10.63,0.45,1.00,0,114.36,124.24,0.00
PITA,,6,0,1,1,17.00,85.00,0.0,0,0.00,10.63,0.45,10.63,0.45,10.63,0.45,10.63,0.45,1.00,0,192.37,205.83,0.00
PITA,,6,0,1,1,17.00,85.00,0.0,0,0.00,10.63,0.45,10.63,0.45,10.63,0.45,10.63,0.45,1.00,0,75.54,93.93,0.00
PITA,,6,0,1,1,17.00,85.00,0.0,0,0.00,10.63,0.45,10.63,0.45,10.63,0.45,10.63,0.45,1.00,0,146.97,174.37,0.00
PITA,,6,0,1,1,17.00,85.00,0.0,0,0.00,10.63,0.45,10.63,0.45,10.63,0.45,10.63,0.45,1.00,0,96.24,95.55,0.00
PITA,,6,0,1,1,17.00,85.00,0.0,0,0.00,10.63,0.45,10.63,0.45,10.63,0.45,10.63,0.45,1.00,0,3.30,25.63,0.00
PITA,,6,0,1,1,17.00,85.00,0.0,0,0.00,10.63,0.45,10.63,0.45,10.63,0.45,10.63,0.45,1.00,0,27.25,13.20,0.00
PITA,,6,0,1,1,17.00,85.00,0.0,0,0.00,10.63,0.45,10.63,0.45,10.63,0.45,10.63,0.45,1.00,0,122.20,105.83,0.00
PITA,,6,0,1,1,17.00,85.00,0.0,0,0.00,10.63,0.45,10.63,0.45,10.63,0.45,10.63,0.45,1.00,0,206.13,157.98,0.00
PITA,,6,0,1,1,17.00,85.00,0.0,0,0.00,10.63,0.45,10.63,0.45,10.63,0.45,10.63,0.45,1.00,0,2.88,200.25,0.00
PITA,,7,0,1,1,18.00,90.00,0.0,0,0.00,11.25,0.45,11.25,0.45,11.25,0.45,11.25,0.45,1.00,0,136.71,196.50,0.00
PITA,,7,0,1,1,18.00,90.00,0.0,0,0.00,11.25,0.45,11.25,0.45,11.25,0.45,11.25,0.45,1.00,0,29.52,165.66,0.00
PITA,,7,0,1,1,18.00,90.00,0.0,0,0.00,11.25,0.45,11.25,0.45,11.25,0.45,11.25,0.45,1.00,0,156.99,19.20,0.00
PITA,,7,0,1,1,18.00,90.00,0.0,0,0.00,11.25,0.45,11.25,0.45,11.25,0.45,11.25,0.45,1.00,0,124.45,195.69,0.00
PITA,,7,0,1,1,18.00,90.00,0.0,0,0.00,11.25,0.45,11.25,0.45,11.25,0.45,11.25,0.45,1.00,0,13.68,31.99,0.00
PITA,,7,0,1,1,18.00,90.00,0.0,0,0.00,11.25,0.45,11.25,0.45,11.25,0.45,11.25,0.45,1.00,0,131.58,90.18,0.00
PITA,,7,0,1,1,18.00,90.00,0.0,0,0.00,11.25,0.45,11.25,0.45,11.25,0.45,11.25,0.45,1.00,0,5.87,32.36,0.00
PITA,,7,0,1,1,18.00,90.00,0.0,0,0.00,11.25,0.45,11.25,0.45,11.25,0.45,11.25,0.45,1.00,0,42.47,44.83,0.00
PITA,,7,0,1,1,18.00,90.00,0.0,0,0.00,11.25,0.45,11.25,0.45,11.25,0.45,11.25,0.45,1.00,0,83.83,25.22,0.00
PITA,,7,0,1,1,18.00,90.00,0.0,0,0.00,11.25,0.45,11.25,0.45,11.25,0.45,11.25,0.45,1.00,0,65.17,25.33,0.00
PITA,,7,0,1,1,18.00,90.00,0.0,0,0.00,11.25,0.45,11.25,0.45,11.25,0.45,11.25,0.45,1.00,0,48.99,42.74,0.00
PITA,,7,0,1,1,18.00,90.00,0.0,0,0.00,11.25,0.45,11.25,0.45,11.25,0.45,11.25,0.45,1.00,0,116.27,32.82,0.00
PITA,,7,0,1,1,18.00,90.00,0.0,0,0.00,11.25,0.45,11.25,0.45,11.25,0.45,11.25,0.45,1.00,0,15.90,16.54,0.00
PITA,,7,0,1,1,18.00,90.00,0.0,0,0.00,11.25,0.45,11.25,0.45,11.25,0.45,11.25,0.45,1.00,0,204.35,2.31,0.00
PITA,,7,0,1,1,18.00,90.00,0.0,0,0.00,11.25,0.45,11.25,0.45,11.25,0.45,11.25,0.45,1.00,0,87.83,121.72,0.00
PITA,,8,0,1,1,19.00,95.00,0.0,0,0.00,11.88,0.45,11.88,0.45,11.88,0.45,11.88,0.45,1.00,0,26.88,172.90,0.00
PITA,,8,0,1,1,19.00,95.00,0.0,0,0.00,11.88,0.45,11.88,0.45,11.88,0.45,11.88,0.45,1.00,0,84.82,124.84,0.00
PITA,,8,0,1,1,19.00,95.00,0.0,0,0.00,11.88,0.45,11.88,0.45,11.88,0.45,11.88,0.45,1.00,0,87.62,42.55,0.00
PITA,,8,0,1,1,19.00,95.00,0.0,0,0.00,11.88,0.45,11.88,0.45,11.88,0.45,11.88,0.45,1.00,0,163.01,42.49,0.00
PITA,,8,0,1,1,19.00,95.00,0.0,0,0.00,11.88,0.45,11.88,0.45,11.88,0.45,11.88,0.45,1.00,0,140.16,101.44,0.00
PITA,,8,0,1,1,19.00,95.00,0.0,0,0.00,11.88,0.45,11.88,0.45,11.88,0.45,11.88,0.45,1.00,0,18.33,13.54,0.00
PITA,,8,0,1,1,19.00,95.00,0.0,0,0.00,11.88,0.45,11.88,0.45,11.88,0.45,11.88,0.45,1.00,0,200.44,52.74,0.00
PITA,,8,0,1,1,19.00,95.00,0.0,0,0.00,11.88,0.45,11.88,0.45,11.88,0.45,11.88,0.45,1.00,0,30.13,14.04,0.00
PITA,,8,0,1,1,19.00,95.00,0.0,0,0.00,11.88,0.45,11.88,0.45,11.88,0.45,11.88,0.45,1.00,0,143.70,21.70,0.00
PITA,,8,0,1,1,19.00,95.00,0.0,0,0.00,11.88,0.45,11.88,0.45,11.88,0.45,11.88,0.45,1.00,0,150.34,44.00,0.00
PITA,,8,0,1,1,19.00,95.00,0.0,0,0.00,11.88,0.45,11.88,0.45,11.88,0.45,11.88,0.45,1.00,0,192.72,139.50,0.00
PITA,,8,0,1,1,19.00,95.00,0.0,0,0.00,11.88,0.45,11.88,0.45,11.88,0.45,11.88,0.45,1.00,0,103.38,156.89,0.00
PITA,,8,0,1,1,19.00,95.00,0.0,0,0.00,11.88,0.45,11.88,0.45,11.88,0.45,11.88,0.45,1.00,0,200.21,179.54,0.00
PITA,,8,0,1,1,19.00,95.00,0.0,0,0.00,11.88,0.45,11.88,0.45,11.88,0.45,11.88,0.45,1.00,0,57.85,122.12,0.00
PITA,,8,0,1,1,19.00,95.00,0.0,0,0.00,11.88,0.45,11.88,0.45,11.88,0.45,11.88,0.45,1.00,0,32.20,85.01,0.00
PITA,,9,0,1,1,20.00,100.00,0.0,0,0.00,12.50,0.45,12.50,0.45,12.50,0.45,12.50,0.45,1.00,0,92.46,188.52,0.00
PITA,,9,0,1,1,20.00,100.00,0.0,0,0.00,12.50,0.45,12.50,0.45,12.50,0.45,12.50,0.45,1.00,0,3.83,129.42,0.00
PITA,,9,0,1,1,20.00,100.00,0.0,0,0.00,12.50,0.45,12.50,0.45,12.50,0.45,12.50,0.45,1.00,0,133.75,12.89,0.00
PITA,,9,0,1,1,20.00,100.00,0.0,0,0.00,12.50,0.45,12.50,0.45,12.50,0.45,12.50,0.45,1.00,0,109.32,81.07,0.00
PITA,,9,0,1,1,20.00,100.00,0.0,0,0.00,12.50,0.45,12.50,0.45,12.50,0.45,12.50,0.45,1.00,0,155.98,157.38,0.00
PITA,,9,0,1,1,20.00,100.00,0.0,0,0.00,12.50,0.45,12.50,0.45,12.50,0.45,12.50,0.45,1.00,0,143.23,97.55,0.00
PITA,,9,0,1,1,20.00,100.00,0.0,0,0.00,12.50,0.45,12.50,0.45,12.50,0.45,12.50,0.45,1.00,0,14.02,74.40,0.00
PITA,,9,0,1,1,20.00,100.00,0.0,0,0.00,12.50,0.45,12.50,0.45,12.50,0.45,12.50,0.45,1.00,0,83.82,204.79,0.00
PITA,,9,0,1,1,20.00,100.00,0.0,0,0.00,12.50,0.45,12.50,0.45,12.50,0.45,12.50,0.45,1.00,0,167.49,128.28,0.00
PITA,,9,0,1,1,20.00,100.00,0.0,0,0.00,12.50,0.45,12.50,0.45,12.50,0.45,12.50,0.45,1.00,0,109.41,38.15,0.00
PITA,,9,0,1,1,20.00,100.00,0.0,0,0.00,12.50,0.45,12.50,0.45,12.50,0.45,12.50,0.45,1.00,0,150.55,104.41,0.00
PITA,,9,0,1,1,20.00,100.00,0.0,0,0.00,12.50,0.45,12.50,0.45,12.50,0.45,12.50,0.45,1.00,0,38.12,104.01,0.00
PITA,10,0,1,1,21.00,105.00,0.0,0,0.00,13.13,0.45,13.13,0.45,13.13,0.45,13.13,0.45,1.00,0,30.02,77.56,0.00
PITA,10,0,1,1,21.00,105.00,0.0,0,0.00,13.13,0.45,13.13,0.45,13.13,0.45,13.13,0.45,1.00,0,78.18,157.76,0.00
PITA,10,0,1,1,21.00,105.00,0.0,0,0.00,13.13,0.45,13.13,0.45,13.13,0.45,13.13,0.45,1.00,0,28.58,74.36,0.00
PITA,10,0,1,1,21.00,105.00,0.0,0,0.00,13.13,0.45,13.13,0.45,13.13,0.45,13.13,0.45,1.00,0,162.79,150.76,0.00
PITA,10,0,1,1,21.00,105.00,0.0,0,0.00,13.13,0.45,13.13,0.45,13.13,0.45,13.13,0.45,1.00,0,200.35,207.66,0.00
PITA,10,0,1,1,21.00,105.00,0.0,0,0.00,13.13,0.45,13.13,0.45,13.13,0.45,13.13,0.45,1.00,0,176.20,181.23,0.00
PITA,10,0,1,1,21.00,105.00,0.0,0,0.00,13.13,0.45,13.13,0.45,13.13,0.45,13.13,0.45,1.00,0,158.96,24.48,0.00
PITA,10,0,1,1,21.00,105.00,0.0,0,0.00,13.13,0.45,13.13,0.45,13.13,0.45,13.13,0.45,1.00,0,22.53,78.07,0.00
PITA,10,0,1,1,21.00,105.00,0.0,0,0.00,13.13,0.45,13.13,0.45,13.13,0.45,13.13,0.45,1.00,0,116.23,3.43,0.00
PITA,10,0,1,1,21.00,105.00,0.0,0,0.00,13.13,0.45,13.13,0.45,13.13,0.45,13.13,0.45,1.00,0,166.43,85.73,0.00
PITA,10,0,1,1,21.00,105.00,0.0,0,0.00,13.13,0.45,13.13,0.45,13.13,0.45,13.13,0.45,1.00,0,85.94,168.69,0.00
PITA,11,0,1,1,22.00,110.00,0.0,0,0.00,13.75,0.45,13.75,0.45,13.75,0.45,13.75,0.45,1.00,0,129.03,133.45,0.00
PITA,11,0,1,1,22.00,110.00,0.0,0,0.00,13.75,0.45,13.75,0.45,13.75,0.45,13.75,0.45,1.00,0,188.58,14.63,0.00
PITA,11,0,1,1,22.00,110.00,0.0,0,0.00,13.75,0.45,13.75,0.45,13.75,0.45,13.75,0.45,1.00,0,182.07,205.59,0.00
PITA,11,0,1,1,22.00,110.00,0.0,0,0.00,13.75,0.45,13.75,0.45,13.75,0.45,13.75,0.45,1.00,0,169.65,160.57,0.00
PITA,11,0,1,1,22.00,110.00,0.0,0,0.00,13.75,0.45,13.75,0.45,13.75,0.45,13.75,0.45,1.00,0,158.40,135.14,0.00
PITA,11,0,1,1,22.00,110.00,0.0,0,0.00,13.75,0.45,13.75,0.45,13.75,0.45,13.75,0.45,1.00,0,18.97,73.44,0.00
PITA,11,0,1,1,22.00,110.00,0.0,0,0.00,13.75,0.45,13.75,0.45,13.75,0.45,13.75,0.45,1.00,0,202.36,78.89,0.00
PITA,11,0,1,1,22.00,110.00,0.0,0,0.00,13.75,0.45,13.75,0.45,13.75,0.45,13.75,0.45,1.00,0,13.28,37.09,0.00
PITA,11,0,1,1,22.00,110.00,0.0,0,0.00,13.75,0.45,13.75,0.45,13.75,0.45,13.75,0.45,1.00,0,104.61,206.11,0.00
PITA,12,0,1,1,23.00,115.00,0.0,0,0.00,14.38,0.45,14.38,0.45,14.38,0.45,14.38,0.45,1.00,0,182.15,28.40,0.00
PITA,12,0,1,1,23.00,115.00,0.0,0,0.00,14.38,0.45,14.38,0.45,14.38,0.45,14.38,0.45,1.00,0,157.35,20.30,0.00
PITA,12,0,1,1,23.00,115.00,0.0,0,0.00,14.38,0.45,14.38,0.45,14.38,0.45,14.38,0.45,1.00,0,35.96,113.74,0.00
PITA,12,0,1,1,23.00,115.00,0.0,0,0.00,14.38,0.45,14.38,0.45,14.38,0.45,14.38,0.45,1.00,0,174.58,40.11,0.00
PITA,12,0,1,1,23.00,115.00,0.0,0,0.00,14.38,0.45,14.38,0.45,14.38,0.45,14.38,0.45,1.00,0,24.11,59.03,0.00
PITA,12,0,1,1,23.00,115.00,0.0,0,0.00,14.38,0.45,14.38,0.45,14.38,0.45,14.38,0.45,1.00,0,32.80,177.38,0.00
PITA,12,0,1,1,23.00,115.00,0.0,0,0.00,14.38,0.45,14.38,0.45,14.38,0.45,14.38,0.45,1.00,0,109.59,40.82,0.00
PITA,13,0,1,1,24.00,120.00,0.0,0,0.00,15.00,0.45,15.00,0.45,15.00,0.45,15.00,0.45,1.00,0,54.29,55.00,0.00
PITA,13,0,1,1,24.00,120.00,0.0,0,0.00,15.00,0.45,15.00,0.45,15.00,0.45,15.00,0.45,1.00,0,73.74,151.50,0.00
PITA,13,0,1,1,24.00,120.00,0.0,0,0.00,15.00,0.45,15.00,0.45,15.00,0.45,15.00,0.45,1.00,0,184.75,6.29,0.00
PITA,13,0,1,1,24.00,120.00,0.0,0,0.00,15.00,0.45,15.00,0.45,15.00,0.45,15.00,0.45,1.00,0,83.12,166.60,0.00
PITA,13,0,1,1,24.00,120.00,0.0,0,0.00,15.00,0.45,15.00,0.45,15.00,0.45,15.00,0.45,1.00,0,62.07,29.72,0.00
PIEC2,14,0,1,1,14.00,70.00,0.0,0,0.00,8.75,0.45,8.75,0.45,8.75,0.45,8.75,0.45,1.00,0,50.56,203.51,0.00
PIEC2,14,0,1,1,14.00,70.00,0.0,0,0.00,8.75,0.45,8.75,0.45,8.75,0.45,8.75,0.45,1.00,0,186.10,54.34,0.00
PIEC2,14,0,1,1,14.00,70.00,0.0,0,0.00,8.75,0.45,8.75,0.45,8.75,0.45,8.75,0.45,1.00,0,97.16,174.16,0.00
PIEC2,14,0,1,1,14.00,70.00,0.0,0,0.00,8.75,0.45,8.75,0.45,8.75,0.45,8.75,0.45,1.00,0,204.99,47.92,0.00
PIEC2,14,0,1,1,14.00,70.00,0.0,0,0.00,8.75,0.45,8.75,0.45,8.75,0.45,8.75,0.45,1.00,0,18.18,129.15,0.00
PIEC2,14,0,1,1,14.00,70.00,0.0,0,0.00,8.75,0.45,8.75,0.45,8.75,0.45,8.75,0.45,1.00,0,189.74,177.47,0.00
PIEC2,14,0,1,1,14.00,70.00,0.0,0,0.00,8.75,0.45,8.75,0.45,8.75,0.45,8.75,0.45,1.00,0,59.64,25.08,0.00
PIEC2,14,0,1,1,14.00,70.00,0.0,0,0.00,8.75,0.45,8.75,0.45,8.75,0.45,8.75,0.45,1.00,0,73.97,183.43,0.00
PIEC2,14,0,1,1,14.00,70.00,0.0,0,0.00,8.75,0.45,8.75,0.45,8.75,0.45,8.75,0.45,1.00,0,69.66,173.46,0.00
PIEC2,14,0,1,1,14.00,70.00,0.0,0,0.00,8.75,0.45,8.75,0.45,8.75,0.45,8.75,0.45,1.00,0,194.53,64.49,0.00
PIEC2,14,0,1,1,14.00,70.00,0.0,0,0.00,8.75,0.45,8.75,0.45,8.75,0.45,8.75,0.45,1.00,0,170.14,64.36,0.00
PIEC2,14,0,1,1,14.00,70.00,0.0,0,0.00,8.75,0.45,8.75,0.45,8.75,0.45,8.75,0.45,1.00,0,206.92,185.69,0.00
PIEC2,14,0,1,1,14.00,70.00,0.0,0,0.00,8.75,0.45,8.75,0.45,8.75,0.45,8.75,0.45,1.00,0,13.01,178.44,0.00
PIEC2,14,0,1,1,14.00,70.00,0.0,0,0.00,8.75,0.45,8.75,0.45,8.75,0.45,8.75,0.45,1.00,0,150.20,180.79,0.00
PIEC2,14,0,1,1,14.00,70.00,0.0,0,0.00,8.75,0.45,8.75,0.45,8.75,0.45,8.75,0.45,1.00,0,185.88,76.64,0.00
PIEC2,15,0,1,1,8.00,40.00,0.0,0,0.00,5.00,0.45,5.00,0.45,5.00,0.45,5.00,0.45,1.00,0,96.44,4.01,0.00
PIEC2,15,0,1,1,8.00,40.00,0.0,0,0.00,5.00,0.45,5.00,0.45,5.00,0.45,5.00,0.45,1.00,0,105.15,107.33,0.00
PIEC2,15,0,1,1,8.00,40.00,0.0,0,0.00,5.00,0.45,5.00,0.45,5.00,0.45,5.00,0.45,1.00,0,62.18,195.53,0.00
PIEC2,15,0,1,1,8.00,40.00,0.0,0,0.00,5.00,0.45,5.00,0.45,5.00,0.45,5.00,0.45,1.00,0,155.69,20.26,0.00
PIEC2,15,0,1,1,8.00,40.00,0.0,0,0.00,5.00,0.45,5.00,0.45,5.00,0.45,5.00,0.45,1.00,0,182.13,102.15,0.00
PIEC2,15,0,1,1,8.00,40.00,0.0,0,0.00,5.00,0.45,5.00,0.45,5.00,0.45,5.00,0.45,1.00,0,108.21,149.46,0.00
PIEC2,15,0,1,1,8.00,40.00,0.0,0,0.00,5.00,0.45,5.00,0.45,5.00,0.45,5.00,0.45,1.00,0,96.44,135.02,0.00
PIEC2,15,0,1,1,8.00,40.00,0.0,0,0.00,5.00,0.45,5.00,0.45,5.00,0.45,5.00,0.45,1.00,0,105.49,132.05,0.00
PIEC2,15,0,1,1,8.00,40.00,0.0,0,0.00,5.00,0.45,5.00,0.45,5.00,0.45,5.00,0.45,1.00,0,68.03,95.19,0.00
PIEC2,15,0,1,1,8.00,40.00,0.0,0,0.00,5.00,0.45,5.00,0.45,5.00,0.45,5.00,0.45,1.00,0,23.51,195.99,0.00
PIEC2,15,0,1,1,8.00,40.00,0.0,0,0.00,5.00,0.45,5.00,0.45,5.00,0.45,5.00,0.45,1.00,0,55.27,68.18,0.00
PIEC2,15,0,1,1,8.00,40.00,0.0,0,0.00,5.00,0.45,5.00,0.45,5.00,0.45,5.00,0.45,1.00,0,143.10,193.41,0.00
PIEC2,15,0,1,1,8.00,40.00,0.0,0,0.00,5.00,0.45,5.00,0.45,5.00,0.45,5.00,0.45,1.00,0,95.41,112.67,0.00
PIEC2,15,0,1,1,8.00,40.00,0.0,0,0.00,5.00,0.45,5.00,0.45,5.00,0.45,5.00,0.45,1.00,0,196.45,154.44,0.00
PIEC2,15,0,1,1,8.00,40.00,0.0,0,0.00,5.00,0.45,5.00,0.45,5.00,0.45,5.00,0.45,1.00,0,111.20,1.66,0.00
